{
  "X_thresholds": [
    0.06406336277723312,
    0.0858350619673729,
    0.0876929983496666,
    0.33483564853668213,
    0.3414541184902191,
    0.9077575206756592,
    0.9122589826583862,
    0.9176923036575317,
    0.9178929328918457,
    0.9210044741630554
  ],
  "y_thresholds": [
    0.0,
    0.0,
    0.1875,
    0.1875,
    0.4285714328289032,
    0.4285714328289032,
    0.8571428656578064,
    0.8571428656578064,
    0.9444444179534912,
    0.9444444179534912
  ]
}