{
  "X_thresholds": [
    0.131728395819664,
    0.1380990892648697,
    0.13820143043994904,
    0.15289559960365295,
    0.1542748212814331,
    0.1603442281484604,
    0.16151532530784607,
    0.31157010793685913,
    0.3117191195487976,
    0.34933900833129883,
    0.3500547409057617,
    0.4801996648311615,
    0.48778048157691956,
    0.5955213904380798,
    0.6076920628547668,
    0.7236592769622803,
    0.7253150343894958,
    0.7852554321289062,
    0.7868373394012451,
    0.8120601177215576,
    0.8126822113990784,
    0.8250744938850403,
    0.8254203796386719,
    0.8325624465942383,
    0.8326331377029419,
    0.8341750502586365,
    0.834383487701416,
    0.8364148139953613,
    0.8364298939704895,
    0.8373426198959351,
    0.837445855140686,
    0.8456375598907471,
    0.8457455039024353,
    0.8490434885025024
  ],
  "y_thresholds": [
    0.0,
    0.0,
    0.01785714365541935,
    0.01785714365541935,
    0.06666667014360428,
    0.06666667014360428,
    0.0892857164144516,
    0.0892857164144516,
    0.1428571492433548,
    0.1428571492433548,
    0.1621621549129486,
    0.1621621549129486,
    0.1666666716337204,
    0.1666666716337204,
    0.2666666805744171,
    0.2666666805744171,
    0.3333333432674408,
    0.3333333432674408,
    0.40909090638160706,
    0.40909090638160706,
    0.5454545617103577,
    0.5454545617103577,
    0.5806451439857483,
    0.5806451439857483,
    0.6666666865348816,
    0.6666666865348816,
    0.7894737124443054,
    0.7894737124443054,
    0.8333333134651184,
    0.8333333134651184,
    0.8865979313850403,
    0.8865979313850403,
    0.9200000166893005,
    0.9200000166893005
  ]
}