{
  "FFPP_TEST": {
    "auc": 0.99125,
    "eer": 0.06625,
    "hter": 0.06625,
    "ap": 0.9575407608695652,
    "cllr": 0.23478594015557494
  },
  "WildDeepfake_TEST": {
    "auc": 0.9060298102981029,
    "eer": 0.16495442227149548,
    "hter": 0.16495442227149548,
    "ap": 0.896197473697772,
    "cllr": 1.4861875886534677
  },
  "CelebDF_TEST": {
    "auc": 0.890032569232645,
    "eer": 0.16900826555020773,
    "hter": 0.16900826555020773,
    "ap": 0.9764697789245986,
    "cllr": 0.7005547712699465
  }
}