{
  "Baseline": {
    "FFPP": {
      "auc": 0.9781249999999999,
      "eer": 0.051250000000000004,
      "cllr": 0.5182439270544563,
      "ap": 0.8995352128092066
    },
    "CelebDF": {
      "auc": 0.7741845717947854,
      "eer": 0.27755337808209934,
      "cllr": 0.8979426310963865,
      "ap": 0.9970175764362326
    },
    "Wild": {
      "auc": 0.80169992609017,
      "eer": 0.2891475732939148,
      "cllr": 0.9845292609955036,
      "ap": 0.7927307415967776
    }
  },
  "Beta": {
    "FFPP": {
      "auc": 0.985,
      "eer": 0.06125,
      "cllr": 0.4943090482589785,
      "ap": 0.917901440879382
    },
    "CelebDF": {
      "auc": 0.8667023644888183,
      "eer": 0.23719516308564106,
      "cllr": 0.7064721549661097,
      "ap": 0.9984408649733476
    },
    "Wild": {
      "auc": 0.8004126632175412,
      "eer": 0.27543114067504315,
      "cllr": 0.8732793764530817,
      "ap": 0.7869061262512596
    }
  },
  "Gamma (Full)": {
    "FFPP": {
      "auc": 0.99125,
      "eer": 0.06625,
      "cllr": 0.22011181974553884,
      "ap": 0.9575407608695652
    },
    "CelebDF": {
      "auc": 0.9731423078220393,
      "eer": 0.0860500219246467,
      "cllr": 0.37046130659280463,
      "ap": 0.9997490312697974
    },
    "Wild": {
      "auc": 0.9060298102981029,
      "eer": 0.16495442227149548,
      "cllr": 1.040751780785404,
      "ap": 0.896197473697772
    }
  }
}