{
  "FFPP_TEST": {
    "auc": 0.99125,
    "eer": 0.06625,
    "hter": 0.06625,
    "ap": 0.9575407608695652,
    "cllr": 0.22011181974553884
  },
  "WildDeepfake_TEST": {
    "auc": 0.9060298102981029,
    "eer": 0.16495442227149548,
    "hter": 0.16495442227149548,
    "ap": 0.896197473697772,
    "cllr": 1.040751780785404
  },
  "CelebDF_TEST": {
    "auc": 0.9731423078220393,
    "eer": 0.0860500219246467,
    "hter": 0.0860500219246467,
    "ap": 0.9997490312495456,
    "cllr": 0.37046130659280463
  }
}